[  
    {"name": "ایستگاه راه‌آهن تهران", "value": "0"},  
    {"name": "ایستگاه راه‌آهن شهر ری", "value": "4"},  
    {"name": "ایستگاه راه‌آهن بهرام", "value": "15"},  
    {"name": "ایستگاه راه‌آهن ورامین", "value": "35"},  
    {"name": "ایستگاه راه‌آهن پیشوا", "value": "37"},  
    {"name": "ایستگاه راه‌آهن ابردژ", "value": "55"},  
    {"name": "ایستگاه راه‌آهن کویر", "value": "65"},  
    {"name": "ایستگاه راه‌آهن گرمسار", "value": "102"},  
    {"name": "ایستگاه راه‌آهن یاتری", "value": "141"},  
    {"name": "ایستگاه راه‌آهن ده نمک", "value": "153"},  
    {"name": "ایستگاه راه‌آهن سرخ دشت", "value": "167"},  
    {"name": "ایستگاه راه‌آهن لاهورد", "value": "188"},  
    {"name": "ایستگاه راه‌آهن بیابانک", "value": "209"},  
    {"name": "ایستگاه راه‌آهن سمنان", "value": "227"},  
    {"name": "ایستگاه راه‌آهن میاندره", "value": "245"},  
    {"name": "ایستگاه راه‌آهن آبگرم", "value": "262"},  
    {"name": "ایستگاه راه‌آهن گرداب", "value": "277"},  
    {"name": "ایستگاه راه‌آهن هفتخوان", "value": "294"},  
    {"name": "ایستگاه راه‌آهن لارستان", "value": "310"},  
    {"name": "ایستگاه راه‌آهن بناور", "value": "319"},  
    {"name": "ایستگاه راه‌آهن امروان", "value": "33"},  
    {"name": "ایستگاه راه‌آهن سرخده", "value": "349"},  
    {"name": "ایستگاه راه‌آهن دامغان", "value": "365"},  
    {"name": "ایستگاه راه‌آهن زرین", "value": "386"},  
    {"name": "ایستگاه راه‌آهن کلاتخوان", "value": "409"},  
    {"name": "ایستگاه راه‌آهن شاهرود", "value": "429"},  
    {"name": "ایستگاه راه‌آهن بسطام", "value": "450"},  
    {"name": "ایستگاه راه‌آهن شیرین چشمه", "value": "470"},  
    {"name": "ایستگاه راه‌آهن گیلان", "value": "480"},  
    {"name": "ایستگاه راه‌آهن بکران", "value": "508"},  
    {"name": "ایستگاه راه‌آهن جهان‌آباد", "value": "541"},  
    {"name": "ایستگاه راه‌آهن ابریشم", "value": "550"},  
    {"name": "ایستگاه راه‌آهن جاجرم", "value": "572"},  
    {"name": "ایستگاه راه‌آهن آزادور", "value": "592"},  
    {"name": "ایستگاه راه‌آهن سنخواست", "value": "612"},  
    {"name": "ایستگاه راه‌آهن جوین", "value": "641"},  
    {"name": "ایستگاه راه‌آهن نقاب", "value": "655"},  
    {"name": "ایستگاه راه‌آهن اسفراین", "value": "675"},  
    {"name": "ایستگاه راه‌آهن بیهق", "value": "695"},  
    {"name": "ایستگاه راه‌آهن سبزوار", "value": "718"},  
    {"name": "ایستگاه راه‌آهن فردوس", "value": "742"},  
    {"name": "ایستگاه راه‌آهن عطار", "value": "765"},  
    {"name": "ایستگاه راه‌آهن نیشابور", "value": "787"},  
    {"name": "ایستگاه راه‌آهن خیام", "value": "810"},  
    {"name": "ایستگاه راه‌آهن کاشمر", "value": "842"},  
    {"name": "ایستگاه راه‌آهن ابومسلم", "value": "850"},  
    {"name": "ایستگاه راه‌آهن تربت", "value": "869"},  
    {"name": "ایستگاه راه‌آهن فریمان", "value": "887"},  
    {"name": "ایستگاه راه‌آهن سلام", "value": "906"},  
    {"name": "ایستگاه راه‌آهن مشهد", "value": "924"}  
]