{
    "sEmptyTable":     "هیچ داده‌ای در جدول وجود ندارد",
    "sInfo":           "نمایش _START_ تا _END_ از _TOTAL_ رکورد",
    "sInfoEmpty":      "نمایش 0 تا 0 از 0 رکورد",
    "sInfoFiltered":   "(فیلتر شده از _MAX_ رکورد)",
    "sInfoPostFix":    "",
    "sInfoThousands":  ",",
    "sLengthMenu":     "نمایش _MENU_ رکورد",
    "sLoadingRecords": "در حال بارگذاری...",
    "sProcessing":     "در حال پردازش...",
    "sSearch":         "جستجو:",
    "sZeroRecords":    "رکوردی یافت نشد",
    "oPaginate": {
        "sFirst":    "ابتدا",
        "sLast":     "انتها",
        "sNext":     "بعدی",
        "sPrevious": "قبلی"
    },
    "oAria": {
        "sSortAscending":  ": فعال‌سازی برای مرتب‌سازی صعودی",
        "sSortDescending": ": فعال‌سازی برای مرتب‌سازی نزولی"
    }
}